{
    "Left": 0.1135561540722847,
    "Center": 0.02761225588619709,
    "Right": 0.858831524848938
}